{"cameraMode":{"drawMode":0,"name":"Shaded","section":"Shading Mode"},"sceneLighting":true,"audioPlay":false,"sceneViewState":{"showFog":true,"showMaterialUpdate":false,"showSkybox":true,"showFlares":true,"showImageEffects":true,"showParticleSystems":true},"in2DMode":false,"pivot":{"x":2.2929954528808595,"y":0.23076224327087403,"z":1.8239593505859376},"rotation":{"x":0.03501875326037407,"y":0.501581609249115,"z":-0.02032424509525299,"w":0.864170253276825},"size":48.44866180419922,"orthographic":false}