{"cameraMode":{"drawMode":0,"name":"Shaded","section":"Shading Mode"},"sceneLighting":false,"audioPlay":false,"sceneViewState":{"showFog":true,"showMaterialUpdate":false,"showSkybox":false,"showFlares":true,"showImageEffects":true,"showParticleSystems":true},"in2DMode":false,"pivot":{"x":-11.8321533203125,"y":5.892734527587891,"z":4.716102600097656},"rotation":{"x":-0.0882268100976944,"y":0.8478870987892151,"z":-0.1493101716041565,"w":-0.5010138750076294},"size":42.87069320678711,"orthographic":false}